[{"id":"6283820658771@s.whatsapp.net","limit":14},{"id":"6282363245274@s.whatsapp.net","limit":13},{"id":"6282277050720@s.whatsapp.net","limit":5},{"id":"6285702102880@s.whatsapp.net","limit":7},{"id":"6282269225238@s.whatsapp.net","limit":31},{"id":"6283141537907@s.whatsapp.net","limit":1},{"id":"6285892657297@s.whatsapp.net","limit":0},{"id":"6281545444349@s.whatsapp.net","limit":18},{"id":"6282317331165@s.whatsapp.net","limit":2},{"id":"6285255650064@s.whatsapp.net","limit":37},{"id":"6285225859392@s.whatsapp.net","limit":30},{"id":"6281270413437@s.whatsapp.net","limit":20},{"id":"6285713621400@s.whatsapp.net","limit":7},{"id":"62895632105798@s.whatsapp.net","limit":1},{"id":"6283144687561@s.whatsapp.net","limit":14},{"id":"6282150511754@s.whatsapp.net","limit":24},{"id":"919733996231@s.whatsapp.net","limit":4},{"id":"6289514293127@s.whatsapp.net","limit":1},{"id":"6287891494113@s.whatsapp.net","limit":0},{"id":"6285710805759@s.whatsapp.net","limit":25},{"id":"62895328860901@s.whatsapp.net","limit":3},{"id":"6287837083743@s.whatsapp.net","limit":2},{"id":"6289628294178@s.whatsapp.net","limit":1},{"id":"6289525689373@s.whatsapp.net","limit":1},{"id":"6283141432993@s.whatsapp.net","limit":3},{"id":"62859159874482@s.whatsapp.net","limit":0},{"id":"6283117478704@s.whatsapp.net","limit":5},{"id":"6282253748613@s.whatsapp.net","limit":1},{"id":"6285774915506@s.whatsapp.net","limit":0},{"id":"6285718304056@s.whatsapp.net","limit":3},{"id":"6289505345056@s.whatsapp.net","limit":15},{"id":"6285600192853@s.whatsapp.net","limit":0},{"id":"6283108825699@s.whatsapp.net","limit":1},{"id":"6282369938362@s.whatsapp.net","limit":4},{"id":"6281215956229@s.whatsapp.net","limit":-3},{"id":"6282386220208@s.whatsapp.net","limit":35},{"id":"6285783166917@s.whatsapp.net","limit":17},{"id":"6285894517503@s.whatsapp.net","limit":30},{"id":"6283869588191@s.whatsapp.net","limit":18},{"id":"919840169199@s.whatsapp.net","limit":5},{"id":"62895809432121@s.whatsapp.net","limit":6},{"id":"628816799742@s.whatsapp.net","limit":6},{"id":"6283143632488@s.whatsapp.net","limit":1},{"id":"6285260931198@s.whatsapp.net","limit":4},{"id":"6289670921993@s.whatsapp.net","limit":1},{"id":"6281276075876@s.whatsapp.net","limit":2},{"id":"6289508666584@s.whatsapp.net","limit":4},{"id":"6282130760412@s.whatsapp.net","limit":6},{"id":"6285753600743@s.whatsapp.net","limit":2},{"id":"62895422885307@s.whatsapp.net","limit":45},{"id":"6281359029018@s.whatsapp.net","limit":4},{"id":"6283879630601@s.whatsapp.net","limit":0},{"id":"6288270965018@s.whatsapp.net","limit":21},{"id":"6282245431626@s.whatsapp.net","limit":9},{"id":"6288289976166@s.whatsapp.net","limit":8},{"id":"6285238200180@s.whatsapp.net","limit":30},{"id":"6283111895333@s.whatsapp.net","limit":7},{"id":"6285783787879@s.whatsapp.net","limit":0},{"id":"6282111801832@s.whatsapp.net","limit":0},{"id":"6282376024452@s.whatsapp.net","limit":13},{"id":"6281572248964@s.whatsapp.net","limit":25},{"id":"6288298603557@s.whatsapp.net","limit":5},{"id":"6282311691249@s.whatsapp.net","limit":0},{"id":"6282285350967@s.whatsapp.net","limit":27},{"id":"6288224330790@s.whatsapp.net","limit":27},{"id":"6282116951330@s.whatsapp.net","limit":5},{"id":"6289652382187@s.whatsapp.net","limit":4},{"id":"6283162358504@s.whatsapp.net","limit":3},{"id":"6283156684615@s.whatsapp.net","limit":2},{"id":"6289628539973@s.whatsapp.net","limit":4},{"id":"6283897819358@s.whatsapp.net","limit":3},{"id":"6282161219403@s.whatsapp.net","limit":2},{"id":"62895346285772@s.whatsapp.net","limit":4},{"id":"62895332982014@s.whatsapp.net","limit":1},{"id":"62895603137812@s.whatsapp.net","limit":1},{"id":"6289664708826@s.whatsapp.net","limit":2},{"id":"62895803746011@s.whatsapp.net","limit":0},{"id":"6285884444822@s.whatsapp.net","limit":5},{"id":"6285792609298@s.whatsapp.net","limit":-3},{"id":"6282256084208@s.whatsapp.net","limit":1},{"id":"628871212078@s.whatsapp.net","limit":1},{"id":"62887436646272@s.whatsapp.net","limit":6},{"id":"6285942112818@s.whatsapp.net","limit":40},{"id":"6281233649676@s.whatsapp.net","limit":8},{"id":"6289601718799@s.whatsapp.net","limit":0},{"id":"6285294377021@s.whatsapp.net","limit":7},{"id":"6281354653679@s.whatsapp.net","limit":5},{"id":"6285609277497@s.whatsapp.net","limit":4},{"id":"6281263615863@s.whatsapp.net","limit":6},{"id":"6285717929156@s.whatsapp.net","limit":7},{"id":"6285253777504@s.whatsapp.net","limit":1},{"id":"628996554883@s.whatsapp.net","limit":6},{"id":"62859176877769@s.whatsapp.net","limit":4},{"id":"6281573240644@s.whatsapp.net","limit":2},{"id":"6283106284897@s.whatsapp.net","limit":9},{"id":"6282228596619@s.whatsapp.net","limit":1},{"id":"6285739720009@s.whatsapp.net","limit":1},{"id":"6285691890852@s.whatsapp.net","limit":1},{"id":"6283159625877@s.whatsapp.net","limit":14},{"id":"6283140217653@s.whatsapp.net","limit":3},{"id":"6285817812250@s.whatsapp.net","limit":3},{"id":"6282363868296@s.whatsapp.net","limit":-9},{"id":"6289648099251@s.whatsapp.net","limit":-4},{"id":"628889340121@s.whatsapp.net","limit":-5},{"id":"919123140213@s.whatsapp.net","limit":0},{"id":"6281227829091@s.whatsapp.net","limit":2},{"id":"6288299274257@s.whatsapp.net","limit":12},{"id":"6282130980680@s.whatsapp.net","limit":1},{"id":"6283824442304@s.whatsapp.net","limit":-1},{"id":"6281367999361@s.whatsapp.net","limit":3},{"id":"6282117685215@s.whatsapp.net","limit":1},{"id":"6287893478735@s.whatsapp.net","limit":1},{"id":"6285869566385@s.whatsapp.net","limit":10},{"id":"6288225007684@s.whatsapp.net","limit":3},{"id":"6283173938705@s.whatsapp.net","limit":21},{"id":"6282172951178@s.whatsapp.net","limit":1},{"id":"6282352127138@s.whatsapp.net","limit":1},{"id":"6281807529466@s.whatsapp.net","limit":1},{"id":"6282159486153@s.whatsapp.net","limit":13},{"id":"6281293715694@s.whatsapp.net","limit":1},{"id":"6282378524995@s.whatsapp.net","limit":4},{"id":"6285758749895@s.whatsapp.net","limit":1},{"id":"6285394106590@s.whatsapp.net","limit":-4},{"id":"6283891411268@s.whatsapp.net","limit":0},{"id":"6289524664142@s.whatsapp.net","limit":-6},{"id":"6281553498695@s.whatsapp.net","limit":1},{"id":"6283171097252@s.whatsapp.net","limit":2},{"id":"6285782354674@s.whatsapp.net","limit":3},{"id":"6283197488393@s.whatsapp.net","limit":2},{"id":"6285775895169@s.whatsapp.net","limit":1},{"id":"6281288806778@s.whatsapp.net","limit":22},{"id":"6288238455249@s.whatsapp.net","limit":4},{"id":"6283141727903@s.whatsapp.net","limit":27},{"id":"6285713681675@s.whatsapp.net","limit":2},{"id":"6285852783372@s.whatsapp.net","limit":6},{"id":"6287773934243@s.whatsapp.net","limit":24},{"id":"6283808011837@s.whatsapp.net","limit":8},{"id":"6282245511879@s.whatsapp.net","limit":2},{"id":"6281517538136@s.whatsapp.net","limit":6},{"id":"6285959696824@s.whatsapp.net","limit":2},{"id":"6283180671136@s.whatsapp.net","limit":1},{"id":"6283151516695@s.whatsapp.net","limit":2},{"id":"6282144626254@s.whatsapp.net","limit":0},{"id":"6288214368594@s.whatsapp.net","limit":0},{"id":"6285877012518@s.whatsapp.net","limit":10},{"id":"6281211759211@s.whatsapp.net","limit":10},{"id":"6283186561317@s.whatsapp.net","limit":3},{"id":"6289635992348@s.whatsapp.net","limit":2},{"id":"6285602837347@s.whatsapp.net","limit":3},{"id":"6285345819844@s.whatsapp.net","limit":1},{"id":"6282134527579@s.whatsapp.net","limit":1},{"id":"12036665299@s.whatsapp.net","limit":-8},{"id":"6283869307554@s.whatsapp.net","limit":2},{"id":"6285759784595@s.whatsapp.net","limit":4},{"id":"6289652013427@s.whatsapp.net","limit":0},{"id":"6287894015233@s.whatsapp.net","limit":4},{"id":"6287899236416@s.whatsapp.net","limit":1},{"id":"6282374783484@s.whatsapp.net","limit":4},{"id":"6288220270652@s.whatsapp.net","limit":5},{"id":"6281357245196@s.whatsapp.net","limit":22},{"id":"6281286497036@s.whatsapp.net","limit":3},{"id":"6282178980521@s.whatsapp.net","limit":8},{"id":"62895333390883@s.whatsapp.net","limit":4},{"id":"6282216661765@s.whatsapp.net","limit":3},{"id":"62895800158886@s.whatsapp.net","limit":1},{"id":"6281291698592@s.whatsapp.net","limit":2},{"id":"6285264896125@s.whatsapp.net","limit":1},{"id":"6287787110828@s.whatsapp.net","limit":0},{"id":"6289602814476@s.whatsapp.net","limit":1},{"id":"62895412513427@s.whatsapp.net","limit":4},{"id":"6282137749328@s.whatsapp.net","limit":3},{"id":"6288216113756@s.whatsapp.net","limit":5},{"id":"6285802866330@s.whatsapp.net","limit":1},{"id":"6285732266889@s.whatsapp.net","limit":0},{"id":"628112991057@s.whatsapp.net","limit":2},{"id":"6282191224625@s.whatsapp.net","limit":0},{"id":"6283169301866@s.whatsapp.net","limit":0},{"id":"6289686002830@s.whatsapp.net","limit":10},{"id":"62881024483653@s.whatsapp.net","limit":0},{"id":"6281342126289@s.whatsapp.net","limit":1},{"id":"6282220640909@s.whatsapp.net","limit":1},{"id":"6281382325200@s.whatsapp.net","limit":0},{"id":"6289525935179@s.whatsapp.net","limit":0},{"id":"628127646580@s.whatsapp.net","limit":0},{"id":"6283848738763@s.whatsapp.net","limit":-1},{"id":"6282172803249@s.whatsapp.net","limit":30},{"id":"6285727128862@s.whatsapp.net","limit":0},{"id":"6283800211095@s.whatsapp.net","limit":0},{"id":"6288806694940@s.whatsapp.net","limit":1},{"id":"6281278225066@s.whatsapp.net","limit":0},{"id":"6288270857554@s.whatsapp.net","limit":0}]