[{"id":"6283141727903@s.whatsapp.net","name":"iky","age":"19","time":"28/02 12:54:12","serial":"ff9115014b0b15d87168"},{"id":"62895422885307@s.whatsapp.net","name":"andre ","age":" 15","time":"28/02 13:03:02","serial":"997eab7bc9c7ac9e3ff3"},{"id":"6283186561317@s.whatsapp.net","name":"","age":" 15","time":"28/02 13:06:14","serial":"30f7a86ca12e1df063ac"},{"id":"6282285350967@s.whatsapp.net","name":"Panji","age":"16","time":"28/02 13:07:38","serial":"d9b22a9e7d9b1a9ec28e"},{"id":"6285817812250@s.whatsapp.net","name":"kulo","age":"17","time":"28/02 13:08:24","serial":"18dc7fd5f911b870bba4"},{"id":"6285713681675@s.whatsapp.net","name":"daftar Ryuki","age":"15","time":"28/02 13:09:23","serial":"7f343d09b32e4a137ba6"},{"id":"6285852783372@s.whatsapp.net","name":"RIZQI","age":"19","time":"28/02 13:22:54","serial":"bf9e7cd0d2f1ee06b691"},{"id":"6287773934243@s.whatsapp.net","name":"raffi","age":"10","time":"28/02 13:26:44","serial":"8bf2241225568aeee3cf"},{"id":"6281288806778@s.whatsapp.net","name":"fais","age":"12","time":"28/02 13:27:22","serial":"6748636969e9608ae49b"},{"id":"6283808011837@s.whatsapp.net","name":"hesti","age":"13","time":"28/02 13:29:31","serial":"93ade3e26091b7d99edd"},{"id":"6281358111132@s.whatsapp.net","name":"NAPTZY","age":"17","time":"28/02 13:31:29","serial":"0c2ec48bd46970edeb5d"},{"id":"6282256084208@s.whatsapp.net","name":"zal","age":"17","time":"28/02 13:31:55","serial":"f21aa0f861fcb8f2ffd3"},{"id":"6287750962485@s.whatsapp.net","name":"DEMON","age":"17","time":"28/02 13:32:40","serial":"4494d191e2965cd01a4a"},{"id":"6281263615863@s.whatsapp.net","name":"imaa","age":"17","time":"28/02 13:33:22","serial":"72acae5959557cbef08c"},{"id":"6283111895333@s.whatsapp.net","name":"dimas","age":"17","time":"28/02 13:36:01","serial":"875a7f7603eed3495641"},{"id":"6285894517503@s.whatsapp.net","name":"Tiana","age":"19","time":"28/02 13:36:31","serial":"3addbd65c697d5abe30a"},{"id":"6281354653679@s.whatsapp.net","name":"ayun","age":"18","time":"28/02 13:47:12","serial":"9a10c54440af2ddbfa3c"},{"id":"6285869566385@s.whatsapp.net","name":"fii","age":"16","time":"28/02 13:48:03","serial":"cdb74be9cf9e5da7db8c"},{"id":"6285358313687@s.whatsapp.net","name":"zaka","age":"17","time":"28/02 13:48:29","serial":"4b096a23d920696ad7fb"},{"id":"6282245511879@s.whatsapp.net","name":"Sofiana","age":"13","time":"28/02 13:48:45","serial":"1d505b605bda1d0099d3"},{"id":"6281517538136@s.whatsapp.net","name":"imam","age":"17","time":"28/02 15:22:18","serial":"98e190ae8e826cdad739"},{"id":"6282150511754@s.whatsapp.net","name":"Ivan-MLN","age":"18*","time":"28/02 15:38:07","serial":"e981cdbb883961e494b0"},{"id":"6285225859392@s.whatsapp.net","name":"kulo","age":"17","time":"28/02 15:38:28","serial":"de0f368a203d62be6a74"},{"id":"6281545444349@s.whatsapp.net","name":"endi","age":"40","time":"28/02 15:52:22","serial":"5a14454bb54479acabc3"},{"id":"6282317331165@s.whatsapp.net","name":"yanti novi ","age":"19","time":"28/02 15:52:48","serial":"4cd1c4213937012ce0ed"},{"id":"6281211759211@s.whatsapp.net","name":"gilang","age":"16","time":"28/02 15:57:13","serial":"b7eb3984dd173c208644"},{"id":"6285345819844@s.whatsapp.net","name":"gw","age":"18+Hot","time":"28/02 15:57:53","serial":"7ff309b26cd3576390be"},{"id":"6283820658771@s.whatsapp.net","name":"fazar","age":"12","time":"28/02 16:26:03","serial":"b9cafe7da9e49481c7b2"},{"id":"6285959696824@s.whatsapp.net","name":"Andre","age":"17","time":"28/02 16:28:34","serial":"d7596c5495d00878be1b"},{"id":"6283180671136@s.whatsapp.net","name":"Ayam","age":"999999","time":"28/02 16:29:00","serial":"5238fbb4279d2b7560e9"},{"id":"62887436026119@s.whatsapp.net","name":"April","age":"100","time":"28/02 16:37:32","serial":"2cc5e159e530cb2f4f58"},{"id":"6288298603557@s.whatsapp.net","name":"waf gamer","age":"19","time":"28/02 16:37:52","serial":"0710ccd2c3adb19e58e4"},{"id":"6281572248964@s.whatsapp.net","name":"dinda","age":"12","time":"28/02 16:38:07","serial":"25419f0af2998208eaed"},{"id":"6283151516695@s.whatsapp.net","name":"jek","age":"17","time":"28/02 16:52:04","serial":"e5636eee6434f6d697d9"},{"id":"6285877012518@s.whatsapp.net","name":"Cois Gans","age":"18","time":"28/02 16:57:08","serial":"eb9ab2474d87f2368875"},{"id":"6288289976166@s.whatsapp.net","name":"lugay","age":"5ex","time":"28/02 16:57:46","serial":"83fba71fc4728ad58fc6"},{"id":"6282144626254@s.whatsapp.net","name":"Fitri","age":"18","time":"28/02 17:01:07","serial":"40341c0401285092661c"},{"id":"6288214368594@s.whatsapp.net","name":"Daftar manusia","age":"13","time":"28/02 17:01:21","serial":"e5fb3dd63fd613f249b4"},{"id":"6281215956229@s.whatsapp.net","name":"Rudolph Sackville-Bagg ","age":" 16","time":"28/02 17:01:47","serial":"ebcfc3fc51ca23ca180d"},{"id":"6289635992348@s.whatsapp.net","name":"Aya","age":"18","time":"28/02 18:59:53","serial":"889570ff20b97938aee1"},{"id":"6285602837347@s.whatsapp.net","name":"nashwan","age":"14","time":"28/02 19:00:53","serial":"d494b7836a62b6dac8d1"},{"id":"62895332982014@s.whatsapp.net","name":"icha ","age":" 19","time":"28/02 19:04:18","serial":"19f0a905df27f6a084de"},{"id":"6282246903852@s.whatsapp.net","name":"aski","age":"10","time":"28/02 19:07:48","serial":"992a870dc6b97a8e0179"},{"id":"6289652013427@s.whatsapp.net","name":"nana","age":"16","time":"28/02 19:08:24","serial":"2e74ef320f43e5949554"},{"id":"6282134527579@s.whatsapp.net","name":"Nama Gaia","age":" 18","time":"28/02 19:13:37","serial":"08a1b4d50f93fae53775"},{"id":"6287828564139@s.whatsapp.net","name":"rifqi","age":"15","time":"28/02 19:13:41","serial":"323e3c7fc05ad5738d34"},{"id":"6289669054954@s.whatsapp.net","name":"Surya Gans ","age":" 16","time":"28/02 19:14:13","serial":"0d855ab44e54f9af718d"},{"id":"6283101364299@s.whatsapp.net","name":"ngontol","age":"15","time":"28/02 19:16:39","serial":"b34fe08e030c3c4e159f"},{"id":"12036665299@s.whatsapp.net","name":"botwa","age":"99","time":"01/03 13:22:19","serial":"8bfb2cc2351e5123d587"},{"id":"6281227829091@s.whatsapp.net","name":"cantik","age":"15","time":"01/03 13:22:45","serial":"b54bb0ce1fee4ba2dc02"},{"id":"6283869307554@s.whatsapp.net","name":"Tasya","age":"17","time":"01/03 13:30:33","serial":"ab9f5b697417d5bab992"},{"id":"6288270965018@s.whatsapp.net","name":"rehan","age":"13","time":"01/03 13:34:17","serial":"3a5d7865e02af80102d7"},{"id":"6285702102880@s.whatsapp.net","name":"via","age":"13","time":"01/03 13:37:15","serial":"b352d125030e7360321a"},{"id":"6285759784595@s.whatsapp.net","name":"Smith","age":"19","time":"01/03 13:38:38","serial":"f838bfee67b43d0057b2"},{"id":"6283800211095@s.whatsapp.net","name":"syifa","age":"15","time":"01/03 13:38:55","serial":"4526cffd77c42d967232"},{"id":"6287893478735@s.whatsapp.net","name":"bot","age":"19","time":"01/03 13:41:14","serial":"66666375111be4d5a791"},{"id":"6285238200180@s.whatsapp.net","name":"echa","age":"15","time":"01/03 13:45:05","serial":"c78dc9eca11c58fc7447"},{"id":"6282363245274@s.whatsapp.net","name":"Ikaa","age":"17","time":"01/03 13:55:11","serial":"895f2302a67a0c1c554a"},{"id":"628889340121@s.whatsapp.net","name":"William","age":"19","time":"01/03 14:00:34","serial":"bea66718480244e78309"},{"id":"6287899236416@s.whatsapp.net","name":"Justine","age":"16","time":"01/03 14:16:27","serial":"87f8d6efc3f551c164f5"},{"id":"6287894015233@s.whatsapp.net","name":"Ripky","age":"17","time":"01/03 14:19:05","serial":"5069c725d79f31e72240"},{"id":"6282374783484@s.whatsapp.net","name":"abjunz","age":"15","time":"01/03 14:19:11","serial":"6f0ba2236982b804a574"},{"id":"6288220270652@s.whatsapp.net","name":"ryuu","age":"16","time":"01/03 14:26:09","serial":"d8653109975f6a35ec73"},{"id":"62895803746011@s.whatsapp.net","name":"Lucas","age":"17","time":"01/03 14:38:34","serial":"e8322899b22b02e5b03a"},{"id":"6285885751157@s.whatsapp.net","name":"uss","age":"16","time":"01/03 14:39:41","serial":"da1aaddd2fd7b5664100"},{"id":"6288808670134@s.whatsapp.net","name":"renz","age":"14","time":"01/03 14:40:13","serial":"6dccf12a05775a6b50df"},{"id":"6281357245196@s.whatsapp.net","name":"SAMSUL","age":"21","time":"01/03 14:51:43","serial":"e9bea377b36fec257f24"},{"id":"6287787110828@s.whatsapp.net","name":"SATRIYO","age":"100","time":"01/03 14:56:06","serial":"1718b32a0aef8a158963"},{"id":"6281286497036@s.whatsapp.net","name":"p","age":"20","time":"01/03 15:11:30","serial":"d4d2f954f99a2cf90c2f"},{"id":"62895379190400@s.whatsapp.net","name":"Rendy","age":"90","time":"01/03 15:11:51","serial":"c0e5ba579977d2fe21b4"},{"id":"6282216661765@s.whatsapp.net","name":"Brian","age":"1000","time":"01/03 15:12:15","serial":"4f04bc7d0aec086bca29"},{"id":"62895333390883@s.whatsapp.net","name":"Didin Shimada","age":"14","time":"01/03 15:14:31","serial":"8d244c2b810894dd195d"},{"id":"6282178980521@s.whatsapp.net","name":"Marvel ","age":" 16","time":"01/03 15:14:51","serial":"d7921cce3e67c83b12cf"},{"id":"62895800158886@s.whatsapp.net","name":"akbar","age":"15","time":"01/03 15:15:42","serial":"1d0b177513417e5870aa"},{"id":"6282116951330@s.whatsapp.net","name":"iky","age":"17","time":"01/03 15:20:09","serial":"e7655a78efbd4c66c721"},{"id":"6281291698592@s.whatsapp.net","name":"hizky","age":"17","time":"01/03 15:20:41","serial":"acc98352656220eb5aef"},{"id":"6281235590136@s.whatsapp.net","name":"pantek","age":"20","time":"01/03 15:21:06","serial":"a1ff1da679e139f00d29"},{"id":"6285932243545@s.whatsapp.net","name":"","age":"14","time":"01/03 15:21:09","serial":"cf6bea7a3bf3887603e8"},{"id":"6285264896125@s.whatsapp.net","name":"Nama bapa lu","age":"1000","time":"01/03 15:25:03","serial":"c846993ae016e18129b1"},{"id":"6289605126100@s.whatsapp.net","name":"vijay","age":"18","time":"01/03 15:26:08","serial":"48ef5375746e32fcfc3d"},{"id":"6281278225066@s.whatsapp.net","name":"IKY","age":"18","time":"01/03 15:28:35","serial":"2d906e16fe8abbdc0ae1"},{"id":"6282281984242@s.whatsapp.net","name":"sensei","age":"**","time":"01/03 15:57:48","serial":"85e47a846e3698e735fa"},{"id":"6283140782386@s.whatsapp.net","name":"anien","age":"11","time":"01/03 15:58:51","serial":"957e76cd7201b3f28760"},{"id":"6285807107404@s.whatsapp.net","name":"as","age":"21","time":"01/03 16:14:04","serial":"375b714377d30143c3af"},{"id":"6289602814476@s.whatsapp.net","name":"kuntul","age":"99","time":"01/03 16:46:33","serial":"e702c7dc90e5ee9e74c2"},{"id":"6282137749328@s.whatsapp.net","name":"yursel","age":"13","time":"01/03 17:50:52","serial":"3cdb2327afac1a8adfa8"},{"id":"6288238455249@s.whatsapp.net","name":"ZURA FF OFFICIAL GAME","age":"18","time":"01/03 17:57:22","serial":"b46b8f03a322d82260a3"},{"id":"62895412513427@s.whatsapp.net","name":"yogi","age":"12","time":"01/03 17:57:47","serial":"e52043269424b5c6a752"},{"id":"6288216113756@s.whatsapp.net","name":"PIRLO","age":"100","time":"01/03 17:57:57","serial":"88d592967acd264e1607"},{"id":"6285802866330@s.whatsapp.net","name":"MR05","age":"22","time":"01/03 17:58:30","serial":"16699e308e04abdfb94e"},{"id":"6282157869226@s.whatsapp.net","name":"Riko","age":"15","time":"01/03 17:59:30","serial":"eef5ac37a8ab19834a41"},{"id":"628112991057@s.whatsapp.net","name":"bapakkau","age":"60","time":"01/03 17:59:34","serial":"960deaa85bbdc02bb260"},{"id":"6285732266889@s.whatsapp.net","name":"Cang","age":"20","time":"01/03 18:04:02","serial":"7e90839afa94a3794b8f"},{"id":"6282191224625@s.whatsapp.net","name":"iky","age":"18","time":"01/03 18:22:16","serial":"db8c459729617900a7b8"},{"id":"6285942112818@s.whatsapp.net","name":"Rifky","age":"15","time":"01/03 18:39:24","serial":"87c950c427db6bf8103f"},{"id":"6283169301866@s.whatsapp.net","name":"Nando","age":"15","time":"01/03 18:57:59","serial":"326078c2a6f48f485b64"},{"id":"62881024483653@s.whatsapp.net","name":"firaa","age":"22","time":"01/03 18:59:48","serial":"79bf35c2972ad7b188d2"},{"id":"6288809916397@s.whatsapp.net","name":"ROSI","age":"202020","time":"01/03 19:03:21","serial":"5dde0dd59080bc849e88"},{"id":"6283891411268@s.whatsapp.net","name":"abil ganss","age":"17","time":"01/03 19:10:32","serial":"0d7d000d0342d29a5b88"},{"id":"6283144687561@s.whatsapp.net","name":"bho-lhed","age":"19","time":"01/03 19:10:48","serial":"4d3de50ee8515cfbee37"},{"id":"6289686002830@s.whatsapp.net","name":"Rendy","age":"16","time":"02/03 12:16:47","serial":"642ae3658ef525a366ae"},{"id":"628996554883@s.whatsapp.net","name":"nama","age":"200","time":"02/03 13:15:05","serial":"bf7861dcbc09388af89c"},{"id":"6281367999361@s.whatsapp.net","name":"Jihan","age":"12","time":"02/03 13:15:17","serial":"739810e7fc7b60096dcc"},{"id":"628127646580@s.whatsapp.net","name":"beryl","age":"19","time":"02/03 13:17:33","serial":"464c8463adfa1074fb42"},{"id":"6283173938705@s.whatsapp.net","name":"zhara","age":"13","time":"02/03 13:54:30","serial":"8eb70ca4cdcf708bfe49"},{"id":"6281342126289@s.whatsapp.net","name":"Dhafina","age":"11","time":"02/03 13:54:54","serial":"6ce9df8c7870af9365e7"},{"id":"6281285305905@s.whatsapp.net","name":"Indah","age":"14","time":"02/03 13:55:37","serial":"78c868c93fa211933255"},{"id":"6288299274257@s.whatsapp.net","name":"Acha","age":"20","time":"02/03 14:23:02","serial":"b955359eb1e7261d2a58"},{"id":"6289508666584@s.whatsapp.net","name":"Rama","age":"18","time":"02/03 19:48:28","serial":"9564bba3ff75d370ca1b"},{"id":"6285713621400@s.whatsapp.net","name":"Neyla","age":"17","time":"02/03 19:50:21","serial":"4f3b52f984c9dbf46290"},{"id":"628975781957@s.whatsapp.net","name":"melmel","age":"15","time":"02/03 19:52:07","serial":"84df3984a47fbb5f98a3"},{"id":"62859176877769@s.whatsapp.net","name":"jiak","age":"15","time":"02/03 19:52:10","serial":"0984f79e8a0a8c68d119"},{"id":"6282259682327@s.whatsapp.net","name":"AVCI","age":"18","time":"02/03 20:05:14","serial":"9f5a68d945a133509bf6"},{"id":"6283848738763@s.whatsapp.net","name":"Rama","age":"16","time":"02/03 20:46:27","serial":"c214f23d6017b9e7789d"},{"id":"6282220640909@s.whatsapp.net","name":"Sugiono","age":"40","time":"02/03 20:56:49","serial":"f4ff985b687f4f7653ea"},{"id":"628871212078@s.whatsapp.net","name":"jojo","age":"30","time":"02/03 21:17:30","serial":"5f8ecd66b91620491d92"},{"id":"6281382325200@s.whatsapp.net","name":"L✨🤤","age":"13","time":"02/03 21:29:39","serial":"314028204f9872f5169c"},{"id":"6289648099251@s.whatsapp.net","name":"R","age":"15","time":"02/03 21:34:21","serial":"4a4cf1cb02c415e7505e"},{"id":"6282245431626@s.whatsapp.net","name":"daftar huda","age":"16","time":"02/03 21:41:14","serial":"b5f2fe4960fcec3c4dd3"},{"id":"6285782354674@s.whatsapp.net","name":"andra","age":"17","time":"02/03 21:43:16","serial":"c53905fdce2f52aa8caa"},{"id":"6289525935179@s.whatsapp.net","name":"Toma","age":"17","time":"02/03 21:50:47","serial":"ecbbc7f13e6ee2a95774"},{"id":"6285710805759@s.whatsapp.net","name":"janda","age":"18","time":"02/03 21:59:32","serial":"5848c4849220a3652187"},{"id":"6283151983029@s.whatsapp.net","name":"audi","age":"15","time":"02/03 21:59:54","serial":"915ecf87ae18b9ead14e"},{"id":"6282195309799@s.whatsapp.net","name":"nell","age":"17","time":"02/03 22:00:01","serial":"137fd4d320861a8c3ae7"},{"id":"6283139679932@s.whatsapp.net","name":"cayatod","age":"17","time":"02/03 22:07:08","serial":"e7a201fe7d22c25b35c9"},{"id":"6282172803249@s.whatsapp.net","name":"Akmal","age":"99","time":"02/03 22:10:09","serial":"656ac997998524058c4a"},{"id":"6285727128862@s.whatsapp.net","name":"HUDA","age":"17","time":"02/03 22:19:51","serial":"442306a2fe17f8a56a15"},{"id":"62895331428881@s.whatsapp.net","name":"Mr-Proxy","age":"00","time":"03/03 13:22:40","serial":"3b7a4c91091e901fc86f"},{"id":"6288806694940@s.whatsapp.net","name":"MKI","age":"45","time":"03/03 13:27:33","serial":"840e1f4de96e77b19a88"},{"id":"6283197488393@s.whatsapp.net","name":"samsul","age":"29","time":"03/03 13:29:02","serial":"74b738f460b7a9c2e51a"},{"id":"6285884444822@s.whatsapp.net","name":"emur","age":"18","time":"03/03 14:55:07","serial":"ecf9dc30fb9df7b6dfd1"},{"id":"6285718038935@s.whatsapp.net","name":"scui","age":"13","time":"08/03 17:30:02","serial":"33abea195bc364acf1ee"},{"id":"6288270857554@s.whatsapp.net","name":"dika","age":"1000","time":"08/03 21:14:43","serial":"204b6cbfb9ce9667fbe2"},{"id":"6283837261215@s.whatsapp.net","name":"Dim","age":"15","time":"09/03 10:13:58","serial":"6b469abce353acfa8700"}]